feature,importance
price_to_ma200,18979.865285873413
momentum_score,9165.943368673325
operating_profit_growth_yoy,1761.9879050254822
roc_3m,1629.3537311553955
eps_growth_yoy,1352.516149520874
roc_1m,1235.0606377124786
operating_profit_acceleration,981.3427226543427
price_to_ma50,856.3331046104431
volatility_30d,780.1141834259033
eps_acceleration,762.7385108470917
reserve_ratio,705.2666778564453
rsi_14d,672.294763803482
days_payable,541.1191906929016
volatility_90d,509.362268447876
eps_growth_qoq,485.1863889694214
interest_coverage,476.66491055488586
debtor_days,455.30347061157227
opm,430.7537384033203
cash_conversion_cycle,423.7755300998688
roc_6m,422.17906045913696
roce,317.26074147224426
debt_to_equity,312.7412803173065
roc_12m,312.555406332016
inventory_days,284.083309173584
working_capital_days,250.90444159507751
operating_profit_growth_qoq,171.19165992736816
dividend_payout,127.65851211547852
quality_score,75.44135880470276
is_profitable,26.690330028533936
positive_free_cf,21.22061038017273
improving_margins,10.021699905395508
roe,0.0
improving_roe,0.0
low_debt,0.0
cf_to_profit_ratio,0.0
leverage_ratio,0.0
positive_roe,0.0
